Workbook
Name খাত: '[1]drop down'!$B$2:$B$5
Name সস: '[3]drop down'!$C$2:$C$8

Sheet অর্থ গ্রহণ
I1: অর্থ গ্রহণ ১৪৪৭/৪৮ হিজরী | M1: শাওয়াল | N1: জিলকাদ | O1: জিলহাজ | P1: মুহাররম | Q1: সফর | R1: রবিউল আঃ
I2: মোট অর্থ গ্রহণ | M2: =মাতবাখ!J2+মাদরাসা!J2 -> 2198085 | N2: =মাতবাখ!K2+মাদরাসা!K2 -> 902559 | O2: =মাতবাখ!L2+মাদরাসা!L2 -> 0 | P2: =মাতবাখ!M2+মাদরাসা!M2 -> 0 | Q2: =মাতবাখ!N2+মাদরাসা!N2 -> 0 | R2: =মাতবাখ!O2+মাদরাসা!O2 -> 0 | W2: মাদরাসা থেকে পাবো | X2: =0-K4 -> 5644
I3: =SUM(C:C) -> 3095000 | K3: বিদ্যমান | W3: বিভিন্ন স্থানে বকেয়া | X3: ='বাকির হিসাব'!$C$1 -> 233920
I4: মোট ব্যয় | K4: =I3-J8 -> -5644 | M4: রবিউস সানী | N4: জুমাদাল উলা | O4: জুমা:আখেরা | P4: রজব | Q4: শাবান | R4: রামাযান | W4: দফতরে বিদ্যমান | X4: =X3-X2 -> 228276
I5: মাতবাখ | J5: =SUM(মাতবাখ!H:H) -> 1919865 | M5: =মাতবাখ!J4+মাদরাসা!J4 -> 0 | N5: =মাতবাখ!K4+মাদরাসা!K4 -> 0 | O5: =মাতবাখ!L4+মাদরাসা!L4 -> 0 | P5: =মাতবাখ!M4+মাদরাসা!M4 -> 0 | Q5: =মাতবাখ!N4+মাদরাসা!N4 -> 0 | R5: =মাতবাখ!O4+মাদরাসা!O4 -> 0
I6: মাদরাসা | J6: =SUM(মাদরাসা!H:H) -> 1180779 | W6: বাসার করজ | X6: =SUM(#REF!) -> #REF!
A8: মাস | C8: পরিমাণ | D8: মন্তব্য | I8: মোট | J8: =SUM(J5:J7) -> 3100644
A9: শাওয়াল | B9: 9 | C9: 100000
A10: শাওয়াল | B10: 9 | C10: 300000
A11: শাওয়াল | B11: 9 | C11: 100000
A12: শাওয়াল | B12: 9 | C12: 100000
A13: শাওয়াল | B13: 11 | C13: 100000
A14: শাওয়াল | B14: 12 | C14: 100000
A15: শাওয়াল | B15: 15 | C15: 200000
A16: শাওয়াল | B16: 16 | C16: 100000
A17: শাওয়াল | B17: 17 | C17: 100000
A18: শাওয়াল | B18: 19 | C18: 100000
A19: শাওয়াল | B19: 20 | C19: 100000
A20: শাওয়াল | B20: 23 | C20: 145000
... A24: জিলকদ | B24: 7 | C24: 300000

Sheet মাতবাখ
C1: মাতবাখ ১৪৪৬/৪৭ হিজরী | J1: শাওয়াল | K1: জিলকাদ | L1: জিলহাজ | M1: মুহাররম | N1: সফর | O1: রবিউল আঃ | P1: =Q1-1 -> 46063 | Q1: 46064 | S1: সাগর | T1: সততা | U1: আল মদিনা | V1: লাকড়ি | W1: ডিম | X1: গ্যাস | Y1: জমিনের সবজী
J2: =SUMIFS(H:H,B:B,J1) -> 1207770 | K2: =SUMIFS($H$6:$H$1048576,B$6:B$1048576,K1) -> 712095 | L2: =SUMIFS($H$6:$H$1048576,B$6:B$1048576,L1) -> 0 | M2: =SUMIFS($H$6:$H$1048576,B$6:B$1048576,M1) -> 0 | N2: =SUMIFS($H$6:$H$1048576,B$6:B$1048576,N1) -> 0 | O2: =SUMIFS($H$6:$H$1048576,B$6:B$1048576,O1) -> 0 | S2: =SUMIFS(H:H,I:I,S1) -> 970140 | T2: =SUMIFS(H:H,I:I,T1) -> 0 | U2: =SUMIFS(H:H,I:I,U1) -> 0 | V2: =SUMIFS(H:H,I:I,V1) -> 0 | W2: =SUMIFS(H:H,I:I,W1) -> 52000 | X2: =SUMIFS(H:H,I:I,X1) -> 163300 | Y2: =SUMIFS(H:H,I:I,Y1) -> 45560
J3: রবিউল সানিঃ | K3: জুমাদাল উলা | L3: জুমা:আখেরা | M3: রজব | N3: শাবান | O3: রামাযান | R3: বাসার সামান | S3: =SUMIFS(H:H,D:D,R3) -> 0 | U3: মাখাবিজ | V3: =SUMIFS(H:H,I:I,U3) -> 0 | W3: গায়ের বাজার | X3: =SUMIFS(H:H,I:I,W3) -> 14020
J4: =SUMIFS($H$6:$H$1048576,B$6:B$1048576,J3) -> 0 | K4: =SUMIFS($H$6:$H$1048576,B$6:B$1048576,K3) -> 0 | L4: =SUMIFS($H$6:$H$1048576,B$6:B$1048576,L3) -> 0 | M4: =SUMIFS($H$6:$H$1048576,B$6:B$1048576,M3) -> 0 | N4: =SUMIFS($H$6:$H$1048576,B$6:B$1048576,N3) -> 0 | O4: =SUMIFS($H$6:$H$1048576,B$6:B$1048576,O3) -> 0
B5: মাস | D5: শাখা খাত | E5: বিবরণ | F5: পরিমাণ | G5: মূল্য | H5: মোট | I5: সরবরাহকারী | J5: রশিদ
A6: 1 | B6: শাওয়াল | C6: 2 | D6: কাঁচা বাজার | E6: পোলাউ চাল | F6: 50 | G6: =H6/F6 -> 156 | H6: 7800 | I6: সাগর
A7: 2 | B7: শাওয়াল | C7: 2 | D7: বড় বাজার | E7: মিনিকেট চাল | F7: 600 | G7: =H7/F7 -> 78 | H7: 46800 | I7: সাগর
A8: 3 | B8: শাওয়াল | C8: 3 | D8: কাঁচা বাজার | E8: সয়াবিন তেল | F8: 40 | G8: =H8/F8 -> 195 | H8: 7800 | I8: সাগর
A9: 4 | B9: শাওয়াল | C9: 3 | D9: কাঁচা বাজার | E9: খরচ | F9: 1 | G9: =H9/F9 -> 150 | H9: 150 | I9: সাগর
A10: 5 | B10: শাওয়াল | C10: 3 | D10: কাঁচা বাজার | E10: ধনিয়া পাতা | F10: 35 | G10: =H10/F10 -> 6 | H10: 210 | I10: সাগর
A11: 5 | B11: শাওয়াল | C11: 4 | D11: কাঁচা বাজার | E11: ময়দা | F11: 50 | G11: =H11/F11 -> 50 | H11: 2500 | I11: সাগর
A12: 6 | B12: শাওয়াল | C12: 4 | D12: কাঁচা বাজার | E12: আলু | F12: 130 | G12: =H12/F12 -> 17.692308 | H12: 2300 | I12: সাগর
A13: 7 | B13: শাওয়াল | C13: 4 | D13: কাঁচা বাজার | E13: আদা | F13: 5 | G13: =H13/F13 -> 150 | H13: 750 | I13: সাগর
A14: 8 | B14: শাওয়াল | C14: 4 | D14: কাঁচা বাজার | E14: খরচ | F14: 1 | G14: =H14/F14 -> 350 | H14: 350 | I14: সাগর
A15: 9 | B15: শাওয়াল | C15: 5 | D15: কাঁচা বাজার | E15: লাল ডিম | F15: 200 | G15: =H15/F15 -> 9 | H15: 1800 | I15: সাগর
A16: 10 | B16: শাওয়াল | C16: 5 | D16: কাঁচা বাজার | E16: ধনিয়া পাতা | F16: 1 | G16: =H16/F16 -> 80 | H16: 80 | I16: সাগর
A17: 11 | B17: শাওয়াল | C17: 5 | D17: কাঁচা বাজার | E17: খরচ | F17: 1 | G17: =H17/F17 -> 200 | H17: 200 | I17: সাগর
... A25: 19 | B25: শাওয়াল | C25: 7 | D25: কাঁচা বাজার | E25: খরচ | F25: 1 | G25: =H25/F25 -> 700 | H25: 700 | I25: সাগর
A26: 20 | B26: শাওয়াল | C26: 7 | D26: কাঁচা বাজার | E26: পোলাউ চাল | F26: 50 | G26: 50 | H26: 7200 | I26: সাগর
A27: 21 | B27: শাওয়াল | C27: 7 | D27: কাঁচা বাজার | E27: সয়াবিন তেল | F27: 40 | G27: =H27/F27 -> 191.75 | H27: 7670 | I27: সাগর
A28: 22 | B28: শাওয়াল | C28: 7 | D28: কাঁচা বাজার | E28: ঘি | F28: 2 | G28: =H28/F28 -> 1300 | H28: 2600 | I28: সাগর
A29: 23 | B29: শাওয়াল | C29: 7 | D29: কাঁচা বাজার | E29: দুধ | F29: 2 | G29: =H29/F29 -> 800 | H29: 1600 | I29: সাগর
A30: 24 | B30: শাওয়াল | C30: 7 | D30: কাঁচা বাজার | E30: দারচিনি | F30: 2 | G30: =H30/F30 -> 540 | H30: 1080 | I30: সাগর
A31: 25 | B31: শাওয়াল | C31: 7 | D31: কাঁচা বাজার | E31: আলু বোখারা | F31: 2 | G31: =H31/F31 -> 1250 | H31: 2500 | I31: সাগর
A32: 26 | B32: শাওয়াল | C32: 7 | D32: কাঁচা বাজার | E32: সরিষার তেল | F32: 17 | G32: =H32/F32 -> 105.88235 | H32: 1800 | I32: সাগর
A33: 27 | B33: শাওয়াল | C33: 8 | D33: কাঁচা বাজার | E33: মুরগী | F33: 61 | G33: =H33/F33 -> 374.91803 | H33: 22870 | I33: সাগর
A34: 28 | B34: শাওয়াল | C34: 8 | D34: কাঁচা বাজার | E34: আলু | F34: 130 | G34: =H34/F34 -> 16.923077 | H34: 2200 | I34: সাগর
A35: 29 | B35: শাওয়াল | C35: 8 | D35: কাঁচা বাজার | E35: পেয়াজ | F35: 40 | G35: =H35/F35 -> 37 | H35: 1480 | I35: সাগর
A36: 30 | B36: শাওয়াল | C36: 8 | D36: কাঁচা বাজার | E36: আদা | F36: 20 | G36: =H36/F36 -> 120 | H36: 2400 | I36: সাগর
A37: 31 | B37: শাওয়াল | C37: 8 | D37: কাঁচা বাজার | E37: রসুন | F37: 20 | G37: =H37/F37 -> 170 | H37: 3400 | I37: সাগর
A38: 32 | B38: শাওয়াল | C38: 8 | D38: কাঁচা বাজার | E38: খরচ | F38: 1 | G38: =H38/F38 -> 700 | H38: 700 | I38: সাগর
A39: 34 | B39: শাওয়াল | C39: 9 | D39: কাঁচা বাজার | E39: পেপে | F39: 185 | G39: =H39/F39 -> 25.405405 | H39: 4700
A40: 35 | B40: শাওয়াল | C40: 9 | D40: কাঁচা বাজার | E40: ভাড়া | F40: 1 | G40: =H40/F40 -> 500 | H40: 500
A41: 37 | B41: শাওয়াল | C41: 9 | D41: কাঁচা বাজার | E41: ডিম | F41: 500 | G41: =H41/F41 -> 9 | H41: 4500 | I41: সাগর
A42: 38 | B42: শাওয়াল | C42: 9 | D42: কাঁচা বাজার | E42: আলু | F42: 260 | G42: =H42/F42 -> 18.076923 | H42: 4700 | I42: সাগর
A43: 39 | B43: শাওয়াল | C43: 9 | D43: কাঁচা বাজার | E43: ধনিয়া পাতা | F43: 2 | G43: =H43/F43 -> 75 | H43: 150 | I43: সাগর
A44: 40 | B44: শাওয়াল | C44: 9 | D44: কাঁচা বাজার | E44: লাউ | F44: 80 | G44: =H44/F44 -> 40 | H44: 3200 | I44: সাগর
A45: 41 | B45: শাওয়াল | C45: 9 | D45: কাঁচা বাজার | E45: খরচ | F45: 1 | G45: =H45/F45 -> 400 | H45: 400 | I45: সাগর
A46: 42 | B46: শাওয়াল | C46: 10 | D46: কাঁচা বাজার | E46: মুরগী | F46: 62 | G46: =H46/F46 -> 380 | H46: 23560 | I46: সাগর
A47: 43 | B47: শাওয়াল | C47: 10 | D47: কাঁচা বাজার | E47: ধনিয়া পাতা | F47: 2 | G47: =H47/F47 -> 75 | H47: 150 | I47: সাগর
A48: 44 | B48: শাওয়াল | C48: 10 | D48: কাঁচা বাজার | E48: ময়দা | F48: 50 | G48: =H48/F48 -> 49 | H48: 2450 | I48: সাগর
A49: 37 | B49: শাওয়াল | C49: 10 | D49: কাঁচা বাজার | E49: খরচ | F49: 1 | G49: =H49/F49 -> 500 | H49: 500 | I49: সাগর
A50: 38 | B50: শাওয়াল | C50: 11 | D50: কাঁচা বাজার | E50: পেপে | F50: 249 | G50: =H50/F50 -> 25.02008 | H50: 6230
A51: 39 | B51: শাওয়াল | C51: 11 | D51: কাঁচা বাজার | E51: ডিম | F51: 120 | G51: =H51/F51 -> 108.33333 | H51: 13000 | I51: ডিম
A52: 40 | B52: শাওয়াল | C52: 11 | D52: কাঁচা বাজার | E52: পোলাউ খুদ | F52: 100 | G52: =H52/F52 -> 63 | H52: 6300 | I52: সাগর
A53: 41 | B53: শাওয়াল | C53: 11 | D53: কাঁচা বাজার | E53: লাউ | F53: 20 | G53: =H53/F53 -> 52.5 | H53: 1050 | I53: সাগর
A54: 42 | B54: শাওয়াল | C54: 11 | D54: কাঁচা বাজার | E54: খরচ | F54: 1 | G54: =H54/F54 -> 250 | H54: 250 | I54: সাগর
A55: 43 | B55: শাওয়াল | C55: 12 | D55: কাঁচা বাজার | E55: পেপে | F55: 131 | G55: =H55/F55 -> 25 | H55: 3275
A56: 44 | B56: শাওয়াল | C56: 12 | D56: কাঁচা বাজার | E56: ধনিয়া পাতা | F56: 2 | G56: =H56/F56 -> 75 | H56: 150 | I56: সাগর
A57: 45 | B57: শাওয়াল | C57: 12 | D57: কাঁচা বাজার | E57: খরচ | F57: 1 | G57: =H57/F57 -> 100 | H57: 100 | I57: সাগর
A58: 46 | B58: শাওয়াল | C58: 13 | D58: কাঁচা বাজার | E58: মুরগী | F58: 72 | G58: =H58/F58 -> 350 | H58: 25200 | I58: সাগর
A59: 47 | B59: শাওয়াল | C59: 13 | D59: কাঁচা বাজার | E59: খরচ | F59: 1 | G59: =H59/F59 -> 300 | H59: 300 | I59: সাগর
A60: 48 | B60: শাওয়াল | C60: 14 | D60: কাঁচা বাজার | E60: মাছ | F60: 71.7 | G60: =H60/F60 -> 205.02092 | H60: 14700 | I60: সাগর
A61: 49 | B61: শাওয়াল | C61: 14 | D61: কাঁচা বাজার | E61: লাউ | F61: 20 | G61: =H61/F61 -> 50 | H61: 1000 | I61: সাগর
A62: 49 | B62: শাওয়াল | C62: 14 | D62: কাঁচা বাজার | E62: পাতা | F62: 2 | G62: =H62/F62 -> 75 | H62: 150 | I62: সাগর
A63: 49 | B63: শাওয়াল | C63: 15 | D63: কাঁচা বাজার | E63: মুরগী | F63: 83 | G63: =H63/F63 -> 350 | H63: 29050 | I63: সাগর
A64: 50 | B64: শাওয়াল | C64: 15 | D64: কাঁচা বাজার | E64: খরচ | F64: 1 | G64: =H64/F64 -> 500 | H64: 500 | I64: সাগর
A65: 51 | B65: শাওয়াল | C65: 15 | D65: বড় বাজার | E65: মিনিকেট চাল | F65: 1200 | G65: =H65/F65 -> 78 | H65: 93600 | I65: সাগর
A66: 52 | B66: শাওয়াল | C66: 15 | D66: বড় বাজার | E66: নাজিরশাইল চাল | F66: 300 | G66: =H66/F66 -> 86 | H66: 25800 | I66: সাগর
A67: 53 | B67: শাওয়াল | C67: 15 | D67: বড় বাজার | E67: মুসুর ডাল | F67: 250 | G67: =H67/F67 -> 140 | H67: 35000 | I67: সাগর
... A85: 71 | B85: শাওয়াল | C85: 15 | D85: বড় বাজার | E85: মরিচ | F85: 8 | G85: =H85/F85 -> 350 | H85: 2800 | I85: সাগর
A86: 72 | B86: শাওয়াল | C86: 15 | D86: বড় বাজার | E86: ঘি | F86: 2 | G86: =H86/F86 -> 1650 | H86: 3300 | I86: সাদ | J86: মাদরাসার খাতায়
A87: 73 | B87: শাওয়াল | C87: 15 | D87: বড় বাজার | E87: দুধ | F87: 2 | G87: =H87/F87 -> 920 | H87: 1840 | I87: সাদ | J87: মাদরাসার খাতায়
A88: 74 | B88: শাওয়াল | C88: 15 | D88: কাঁচা বাজার | E88: আলু বোখারা | F88: 2 | G88: =H88/F88 -> 1500 | H88: 3000 | I88: সাদ | J88: মাদরাসার খাতায়
A89: 75 | B89: শাওয়াল | C89: 15 | D89: কাঁচা বাজার | E89: শশা | F89: 15 | G89: =H89/F89 -> 40 | H89: 600 | I89: সাদ | J89: মাদরাসার খাতায়
A90: 76 | B90: শাওয়াল | C90: 15 | D90: কাঁচা বাজার | E90: লেবু | F90: 80 | G90: =H90/F90 -> 8.5 | H90: 680 | I90: সাদ | J90: মাদরাসার খাতায়
A91: 77 | B91: শাওয়াল | C91: 15 | D91: কাঁচা বাজার | E91: চানাচুর/শশা | F91: 1 | G91: =H91/F91 -> 230 | H91: 230 | I91: সাদ | J91: মাদরাসার খাতায়
A92: 78 | B92: শাওয়াল | C92: 15 | D92: কাঁচা বাজার | E92: রুটি | F92: 32 | G92: =H92/F92 -> 100 | H92: 3200 | I92: জাহিদ | J92: মাদরাসার খাতায়
A93: 79 | B93: শাওয়াল | C93: 15 | D93: কাঁচা বাজার | E93: রুটি | F93: 10 | G93: =H93/F93 -> 80 | H93: 800 | I93: জাহিদ | J93: মাদরাসার খাতায়
A94: 80 | B94: শাওয়াল | C94: 15 | D94: কাঁচা বাজার | E94: রুটি | F94: 18 | G94: =H94/F94 -> 75 | H94: 1350 | I94: জাহিদ | J94: মাদরাসার খাতায়
A95: 81 | B95: শাওয়াল | C95: 15 | D95: কাঁচা বাজার | E95: ভাড়া | F95: 1 | G95: =H95/F95 -> 190 | H95: 190 | I95: জাহিদ | J95: মাদরাসার খাতায়
A96: 82 | B96: শাওয়াল | C96: 16 | D96: কাঁচা বাজার | E96: মাছ | F96: 84.6 | G96: =H96/F96 -> 165.01182 | H96: 13960 | I96: সাদ
A97: 83 | B97: শাওয়াল | C97: 16 | D97: কাঁচা বাজার | E97: লেভার | F97: 1 | G97: =H97/F97 -> 50 | H97: 50 | I97: সাদ
A98: 84 | B98: শাওয়াল | C98: 16 | D98: কাঁচা বাজার | E98: কলা | F98: 580 | G98: =H98/F98 -> 6.5172414 | H98: 3780 | I98: সাদ
A99: 85 | B99: শাওয়াল | C99: 16 | D99: কাঁচা বাজার | E99: পেঁপে | F99: 302 | G99: =H99/F99 -> 30 | H99: 9060 | I99: বাশার
A100: 86 | B100: শাওয়াল | C100: 17 | D100: কাঁচা বাজার | E100: মুরগী | F100: 79.9 | G100: =H100/F100 -> 334.16771 | H100: 26700 | I100: সাদ
A101: 87 | B101: শাওয়াল | C101: 17 | D101: কাঁচা বাজার | E101: কলা | F101: 580 | G101: =H101/F101 -> 5 | H101: 2900 | I101: সাদ
A102: 88 | B102: শাওয়াল | C102: 17 | D102: কাঁচা বাজার | E102: শশা | F102: 16 | G102: =H102/F102 -> 59.375 | H102: 950 | I102: সাদ
A103: 89 | B103: শাওয়াল | C103: 17 | D103: কাঁচা বাজার | E103: লেবু | F103: 60 | G103: =H103/F103 -> 9.3333333 | H103: 560 | I103: সাদ
A104: 90 | B104: শাওয়াল | C104: 17 | D104: কাঁচা বাজার | E104: খরচ | F104: 1 | G104: =H104/F104 -> 500 | H104: 500 | I104: সাদ
A105: 91 | B105: শাওয়াল | C105: 17 | D105: কাঁচা বাজার | E105: মাছ | F105: 72 | G105: =H105/F105 -> 209.72222 | H105: 15100 | I105: সাগর
A106: 92 | B106: শাওয়াল | C106: 17 | D106: কাঁচা বাজার | E106: কলা | F106: 600 | G106: =H106/F106 -> 6 | H106: 3600 | I106: সাগর
A107: 93 | B107: শাওয়াল | C107: 17 | D107: কাঁচা বাজার | E107: ইসবগুল ভূসি | F107: 3 | G107: =H107/F107 -> 1333.3333 | H107: 4000 | I107: সাগর
... A113: 99 | B113: শাওয়াল | C113: 17 | D113: কাঁচা বাজার | E113: খরচ | F113: 1 | G113: =H113/F113 -> 800 | H113: 800 | I113: সাগর
B114: শাওয়াল | C114: 17 | D114: কাঁচা বাজার | E114: ডিম | F114: 700 | G114: =H114/F114 -> 8.7 | H114: 6090 | I114: সাদ
A115: 101 | B115: শাওয়াল | C115: 18 | D115: কাঁচা বাজার | E115: সরিষার তেল | F115: 17 | G115: =H115/F115 -> 188.23529 | H115: 3200 | I115: সাদ
A116: 102 | B116: শাওয়াল | C116: 18 | D116: কাঁচা বাজার | E116: কলা | F116: 580 | G116: =H116/F116 -> 5 | H116: 2900 | I116: সাদ
A117: 103 | B117: শাওয়াল | C117: 18 | D117: কাঁচা বাজার | E117: খরচ | F117: 1 | G117: =H117/F117 -> 470 | H117: 470 | I117: সাদ
A118: 104 | B118: শাওয়াল | C118: 18 | D118: কাঁচা বাজার | E118: অর্গানিক ডিম | F118: 120 | G118: =H118/F118 -> 108.33333 | H118: 13000 | I118: ডিম
A119: 105 | B119: শাওয়াল | C119: 18 | D119: কাঁচা বাজার | E119: গ্যাস | F119: 1 | G119: =H119/F119 -> 44250 | H119: 44250 | I119: গ্যাস
A120: 106 | B120: শাওয়াল | C120: 18 | D120: কাঁচা বাজার | E120: আলু | F120: 260 | G120: =H120/F120 -> 17.692308 | H120: 4600 | I120: সাগর
A121: 107 | B121: শাওয়াল | C121: 18 | D121: কাঁচা বাজার | E121: পাতা | H121: 150 | I121: সাগর
A122: 108 | B122: শাওয়াল | C122: 18 | D122: কাঁচা বাজার | E122: খরচ+লেভার | H122: 350 | I122: সাগর
A123: 109 | B123: শাওয়াল | C123: 19 | D123: কাঁচা বাজার | E123: পাউরুটি | F123: 574 | G123: =H123/F123 -> 60 | H123: 34440
A124: 110 | B124: শাওয়াল | C124: 19 | D124: কাঁচা বাজার | E124: কেক | F124: 2 | G124: =H124/F124 -> 20 | H124: 40
A125: 111 | B125: শাওয়াল | C125: 19 | D125: কাঁচা বাজার | E125: চিকেনবান | F125: 2 | G125: =H125/F125 -> 50 | H125: 100
A126: 112 | B126: শাওয়াল | C126: 19 | D126: কাঁচা বাজার | E126: মুরগী | F126: 82 | G126: =H126/F126 -> 350 | H126: 28700 | I126: সাগর
A127: 113 | B127: শাওয়াল | C127: 19 | D127: কাঁচা বাজার | E127: মাছ | F127: 80 | G127: =H127/F127 -> 200 | H127: 16000 | I127: সাগর
A128: 114 | B128: শাওয়াল | C128: 19 | D128: কাঁচা বাজার | E128: কলা | F128: 1 | G128: =H128/F128 -> 3850 | H128: 3850 | I128: সাগর
A129: 115 | B129: শাওয়াল | C129: 19 | D129: কাঁচা বাজার | E129: চিনি | F129: 25 | G129: =H129/F129 -> 102 | H129: 2550 | I129: সাগর
...

Sheet মাদরাসা
B1: মাদরাসা ১৪৪৬/৪৭ হিজরী | J1: শাওয়াল | K1: জিলকাদ | L1: জিলহাজ | M1: মুহাররম | N1: সফর | O1: রবিউল আঃ
J2: =SUMIFS(H:H,B:B,J1) -> 990315 | K2: =SUMIFS($H$7:$H$1048576,B$7:B$1048576,K1) -> 190464 | L2: =SUMIFS($H$7:$H$1048576,B$7:B$1048576,L1) -> 0 | M2: =SUMIFS($H$7:$H$1048576,B$7:B$1048576,M1) -> 0 | N2: =SUMIFS($H$7:$H$1048576,B$7:B$1048576,N1) -> 0 | O2: =SUMIFS($H$7:$H$1048576,B$7:B$1048576,O1)+'[1]অন্যান্য খাত'!I2 -> 0
J3: রবিউস সানিঃ | K3: জুমাদাল উলা | L3: জুমা:আখেরা | M3: রজব | N3: শাবান | O3: রামাযান
J4: =SUMIFS($H$7:$H$1048576,B$7:B$1048576,J3)+'[1]অন্যান্য খাত'!J2 -> 0 | K4: =SUMIFS($H$7:$H$1048576,B$7:B$1048576,K3) -> 0 | L4: =SUMIFS($H$7:$H$1048576,B$7:B$1048576,L3) -> 0 | M4: =SUMIFS($H$7:$H$1048576,B$7:B$1048576,M3) -> 0 | N4: =SUMIFS($H$7:$H$1048576,B$7:B$1048576,N3) -> 0 | O4: =SUMIFS($H$7:$H$1048576,B$7:B$1048576,O3) -> 0
B6: মাস | D6: শাখা খাত | E6: বিবরণ | F6: পরিমাণ | G6: মূল্য | H6: মোট | I6: সরবরাহকারী | J6: রশীদ
A7: 1 | B7: শাওয়াল | C7: 4 | E7: জাওয়াল সঞ্চয় | F7: 1 | G7: 1000 | H7: =F7*G7 -> 1000
A8: 2 | B8: শাওয়াল | C8: 4 | D8: মকতবের নাস্তা | E8: বিস্কুট- চকলেট | F8: 1 | G8: 8552 | H8: =F8*G8 -> 8552
A9: 4 | B9: শাওয়াল | C9: 4 | E9: আশরাফাবাদ যাতায়াত | F9: 1 | G9: 200 | H9: =F9*G9 -> 200
B10: শাওয়াল | C10: 4 | E10: জাওয়াল সঞ্চয় | F10: 1 | G10: 1000 | H10: =F10*G10 -> 1000
A11: 5 | B11: শাওয়াল | C11: 4 | E11: বালিশ | F11: 2 | G11: 340 | H11: =F11*G11 -> 680
A12: 6 | B12: শাওয়াল | C12: 4 | E12: জায়নামাজ | F12: 2 | G12: 450 | H12: =F12*G12 -> 900
A13: 7 | B13: শাওয়াল | C13: 4 | E13: যাতায়াত | F13: 1 | G13: 140 | H13: =F13*G13 -> 140
A14: 8 | B14: শাওয়াল | C14: 4 | E14: সাদ | F14: 1 | G14: 680 | H14: =F14*G14 -> 680
A15: 9 | B15: শাওয়াল | C15: 4 | E15: খেজুর | F15: 30 | G15: 560 | H15: =F15*G15 -> 16800
A16: 10 | B16: শাওয়াল | C16: 4 | E16: রুহ আফজা | F16: 2.5 | G16: 5760 | H16: =F16*G16 -> 14400 | I16: সাগর
A17: 11 | B17: শাওয়াল | C17: 6 | E17: কাগজ | F17: 1 | G17: 1 | H17: 480 | I17: সাগর
A18: 12 | B18: শাওয়াল | C18: 4 | E18: সরিষা | F18: 1 | H18: 52000 | I18: সাগর
A19: 13 | B19: শাওয়াল | C19: 8 | E19: চানাচুর | F19: 1.5 | H19: 450
A20: 14 | B20: শাওয়াল | C20: 8 | E20: মুড়ি | F20: 2 | H20: 160
A21: 15 | B21: শাওয়াল | C21: 8 | E21: স্বাদমিশালী | F21: 8 | H21: 40
A22: 16 | B22: শাওয়াল | C22: 8 | E22: শসা | F22: 0.5 | H22: 10
A23: 17 | B23: শাওয়াল | C23: 8 | E23: লেবু | F23: 2 | H23: 40
A24: 18 | B24: শাওয়াল | C24: 8 | E24: ভাড়া | F24: 1 | H24: 50
A25: 19 | B25: শাওয়াল | C25: 9 | D25: মকতবের নাস্তা | E25: মক্তবের নাস্তা | F25: 1 | H25: 1880
A26: 20 | B26: শাওয়াল | C26: 9 | E26: আশরাফাবাদ যাতায়াত | F26: 1 | H26: 600
A27: 21 | B27: শাওয়াল | C27: 9 | E27: ফোম | F27: 20 | H27: 10600
A28: 24 | B28: শাওয়াল | C28: 9 | E28: বিছানার কভার আনার ভাড়া | F28: 1 | H28: 1200
A29: 25 | B29: শাওয়াল | C29: 9 | D29: বিদ্যুৎ ও বিদ্যুতিকা | E29: বিদুৎ মিস্ত্রি | F29: 1.5 | G29: 1000 | H29: =F29*G29 -> 1500
A30: 26 | B30: শাওয়াল | C30: 9 | E30: জাওয়াল সঞ্চয় | F30: 1 | G30: 1000 | H30: =F30*G30 -> 1000
A31: 27 | B31: শাওয়াল | C31: 9 | D31: বিদ্যুৎ ও বিদ্যুতিকা | E31: ডিজেল | F31: 25 | H31: 3400 | I31: সাগর
A32: 28 | B32: শাওয়াল | C32: 10 | D32: মকতবের নাস্তা | E32: মক্তবের নাস্তা | F32: 1 | H32: 9600
A33: 29 | B33: শাওয়াল | C33: 10 | E33: ফ্রিজ মেরামত | H33: 3000
A34: 30 | B34: শাওয়াল | C34: 10 | D34: হুযূরের ব্যক্তিগত | E34: মালিবাগ যাতায়াত | F34: 1 | G34: 1 | H34: 5000
A35: 31 | B35: শাওয়াল | C35: 10 | D35: হুযূরের ব্যক্তিগত | E35: বাংলাবাজার যাতায়াত | F35: 1 | H35: 5000
A36: 32 | B36: শাওয়াল | C36: 10 | E36: ফেবিকল আঠা | F36: 1 | H36: 440 | I36: সাগর
A37: 33 | B37: শাওয়াল | C37: 10 | E37: কয়েল+লাইটার | F37: 1 | H37: 90 | I37: সাগর
A38: 34 | B38: শাওয়াল | C38: 10 | D38: বিদ্যুৎ ও বিদ্যুতিকা | E38: ডিজেল | F38: 25 | H38: 3400 | I38: সাগর
A39: 32 | B39: শাওয়াল | C39: 11 | E39: মাপযন্ত্র মেরামত | F39: 2 | H39: 1300
A40: 33 | B40: শাওয়াল | C40: 11 | D40: বিদ্যুৎ ও বিদ্যুতিকা | E40: পাখা মেরামত | H40: 200
A41: 34 | B41: শাওয়াল | C41: 11 | E41: কুতুবখানার হুজুরের বেন্ডর | F41: 1 | H41: 400
A42: 35 | B42: শাওয়াল | C42: 11 | D42: বিদ্যুৎ ও বিদ্যুতিকা | E42: ছোটো মাপযন্ত্র মেরামত | F42: 1 | H42: 100
A43: 36 | B43: শাওয়াল | C43: 11 | D43: বিদ্যুৎ ও বিদ্যুতিকা | E43: বিদুৎ মিস্ত্রি | F43: 2 | G43: 900 | H43: =F43*G43 -> 1800
A44: 37 | B44: শাওয়াল | C44: 11 | D44: বিদ্যুৎ ও বিদ্যুতিকা | E44: বিদুৎ মিস্ত্রি রাতে | F44: 1 | H44: 100
A45: 38 | B45: শাওয়াল | C45: 11 | E45: রাইয়ান মাহমুদ | H45: 12000
A46: 41 | B46: শাওয়াল | C46: 11 | D46: হুযূরের ব্যক্তিগত | E46: বিন সুলতান | H46: 540
A47: 42 | B47: শাওয়াল | C47: 12 | E47: মশারী | H47: 4500
A48: 43 | B48: শাওয়াল | C48: 12 | E48: কাগজ | H48: 2000
A49: 44 | B49: শাওয়াল | C49: 12 | E49: বাশঁপাতা কাগজ | H49: 350
A50: 45 | B50: শাওয়াল | C50: 12 | E50: সাদা খাম | H50: 500
A51: 46 | B51: শাওয়াল | C51: 12 | E51: ভাড়া | H51: 1220
A52: 47 | B52: শাওয়াল | C52: 12 | E52: ভাড়া | H52: 120
A53: 48 | B53: শাওয়াল | C53: 12 | E53: টপ আনার ভাড়া | H53: 800
A54: 49 | B54: শাওয়াল | C54: 12 | E54: আশরাফাবাদ যাতায়াত | H54: 500
A55: 50 | B55: শাওয়াল | C55: 12 | D55: হুযূরের ব্যক্তিগত | E55: বাংলাবাজার যাতায়াত | H55: 1500
A56: 51 | B56: শাওয়াল | C56: 12 | E56: মক্তবের হেজবল | F56: 4 | G56: 300 | H56: 1200
A57: 52 | B57: শাওয়াল | C57: 12 | E57: তালা | F57: 5 | G57: 350 | H57: =F57*G57 -> 1750
A58: 53 | B58: শাওয়াল | C58: 12 | E58: মিরর | H58: 340
A59: 54 | B59: শাওয়াল | C59: 12 | E59: জাওয়াল সঞ্চয় | F59: 1 | H59: 1000
A60: 55 | B60: শাওয়াল | C60: 12 | D60: বিদ্যুৎ ও বিদ্যুতিকা | E60: ডিজেল | F60: 25 | H60: 3400 | I60: সাগর
A61: 57 | B61: শাওয়াল | C61: 13 | E61: বিন মুনির | H61: 12000
A62: 58 | B62: শাওয়াল | C62: 13 | E62: হারপিক | H62: 13650
A63: 59 | B63: শাওয়াল | C63: 13 | D63: হুযূরের ব্যক্তিগত | E63: বিন সুলতান | H63: 1765
A64: 64 | B64: শাওয়াল | C64: 13 | D64: হুযূরের ব্যক্তিগত | E64: বাংলাবাজার যাতায়াত | H64: 1850
A65: 67 | B65: শাওয়াল | C65: 15 | E65: ফ্রিজ মেরামত | F65: 1 | H65: 1000
A66: 68 | B66: শাওয়াল | C66: 15 | E66: টপ মেরামত | F66: 3 | H66: 940
A67: 69 | B67: শাওয়াল | C67: 15 | E67: ময়লা ফেলার ভাড়া | F67: 1 | H67: 15000
A68: 70 | B68: শাওয়াল | C68: 15 | E68: ঈদের দিন হাদিয়া বিতরন | F68: 1 | H68: 500
A69: 71 | B69: শাওয়াল | C69: 15 | D69: হুযূরের ব্যক্তিগত | E69: হুজুরকে আনা নেয়া | H69: 200
A70: 72 | B70: শাওয়াল | C70: 15 | D70: হুযূরের ব্যক্তিগত | E70: মালিবাগ যাতায়াত | H70: 7000
A71: 73 | B71: শাওয়াল | C71: 15 | D71: হুযূরের ব্যক্তিগত | E71: যাত্রাবাড়ি | H71: 6000
A72: 74 | B72: শাওয়াল | C72: 15 | E72: অভিভাবকের রাহা খরচ | H72: 1000
A73: 75 | B73: শাওয়াল | C73: 15 | D73: বিদ্যুৎ ও বিদ্যুতিকা | E73: ডিজেল | H73: 3400
A74: 76 | B74: শাওয়াল | C74: 15 | E74: ব্যাটারি | F74: 20 | G74: 20 | H74: =F74*G74 -> 400 | I74: সাদ
A75: 77 | B75: শাওয়াল | C75: 15 | E75: ব্যাটারি ৭.৫ ভোল্ট | F75: 1 | H75: 780 | I75: সাদ
A76: 78 | B76: শাওয়াল | C76: 15 | E76: স্টিকার পেপার | F76: 1 | H76: 350 | I76: সাদ
A77: 79 | B77: শাওয়াল | C77: 15 | E77: ব্যাগ | F77: 200 | H77: 1200 | I77: সাদ
A78: 80 | B78: শাওয়াল | C78: 15 | E78: মগ | F78: 73 | G78: 26 | H78: =F78*G78 -> 1898 | I78: সাদ
A79: 81 | B79: শাওয়াল | C79: 15 | D79: ছাফাইয়ের ছামান | E79: ময়লার ঝুড়ি | F79: 8 | G79: 650 | H79: =F79*G79 -> 5200 | I79: সাদ
A80: 82 | B80: শাওয়াল | C80: 15 | D80: ছাফাইয়ের ছামান | E80: প্যাডেল বিন | F80: 4 | G80: 520 | H80: =F80*G80 -> 2080 | I80: সাদ
A81: 83 | B81: শাওয়াল | C81: 15 | D81: ছাফাইয়ের ছামান | E81: বেলচা | F81: 25 | G81: 37 | H81: =F81*G81 -> 925 | I81: সাদ
A82: 84 | B82: শাওয়াল | C82: 15 | E82: জগ | F82: 7 | G82: 90 | H82: =F82*G82 -> 630 | I82: সাদ
A83: 85 | B83: শাওয়াল | C83: 15 | E83: বস্তা | F83: 1 | G83: 30 | H83: =F83*G83 -> 30 | I83: সাদ
A84: 86 | B84: শাওয়াল | C84: 15 | D84: ছাফাইয়ের ছামান | E84: মুকুট ব্রাদাস | H84: 3290 | I84: সাদ
A85: 87 | B85: শাওয়াল | C85: 15 | E85: ঘড়ি | F85: 7 | G85: 550 | H85: =F85*G85 -> 3850 | I85: সাদ
A86: 88 | B86: শাওয়াল | C86: 15 | E86: এলার্ম ঘড়ি | F86: 7 | G86: 300 | H86: =F86*G86 -> 2100 | I86: সাদ
A87: 89 | B87: শাওয়াল | C87: 15 | D87: ছাফাইয়ের ছামান | E87: পাপোশ | F87: 15 | G87: 130 | H87: =F87*G87 -> 1950 | I87: সাদ
A88: 90 | B88: শাওয়াল | C88: 15 | D88: ছাফাইয়ের ছামান | E88: পাপোশ | F88: 1 | G88: 280 | H88: =F88*G88 -> 280 | I88: সাদ
A89: 91 | B89: শাওয়াল | C89: 15 | D89: বিদ্যুৎ ও বিদ্যুতিকা | E89: সুপার ষ্টার পাখা | F89: 14 | G89: 3700 | H89: =F89*G89 -> 51800 | I89: সাদ
A90: 92 | B90: শাওয়াল | C90: 15 | D90: বিদ্যুৎ ও বিদ্যুতিকা | E90: ২০ ওয়ার্ড টিউব বাতি | F90: 6 | G90: 400 | H90: =F90*G90 -> 2400 | I90: সাদ
A91: 93 | B91: শাওয়াল | C91: 15 | E91: নিমকদানী | F91: 24 | G91: 50 | H91: =F91*G91 -> 1200 | I91: সাদ
A92: 94 | B92: শাওয়াল | C92: 15 | E92: ছিলনি | F92: 24 | G92: 50 | H92: =F92*G92 -> 1200 | I92: সাদ
A93: 95 | B93: শাওয়াল | C93: 15 | E93: দস্তরখান | H93: 5425 | I93: সাদ
A94: 96 | B94: শাওয়াল | C94: 15 | E94: সসপেন | H94: 3070 | I94: সাদ
A95: 97 | B95: শাওয়াল | C95: 15 | E95: ঢাকনা | H95: 2520 | I95: সাদ
A96: 98 | B96: শাওয়াল | C96: 15 | E96: বাটি | H96: 1896 | I96: সাদ
A97: 99 | B97: শাওয়াল | C97: 15 | E97: বাটির ঢাকনা | H97: 1680 | I97: সাদ
A98: 100 | B98: শাওয়াল | C98: 15 | E98: টিফিন বাটি | H98: 340 | I98: সাদ
A99: 101 | B99: শাওয়াল | C99: 15 | E99: জারস | H99: 480 | I99: সাদ
A100: 102 | B100: শাওয়াল | C100: 15 | E100: বাতি | H100: 980 | I100: সাদ
A101: 103 | B101: শাওয়াল | C101: 15 | E101: জালি ঝুরি | F101: 12 | G101: 150 | H101: =F101*G101 -> 1800 | I101: সাদ
...

Sheet বাকির হিসাব
B1: মোট বকেয়া | C1: =SUM(H2:H9) -> 233920 | F1: গ্রহণ | G1: প্রদান | H1: বকেয়া
E2: সাগর | F2: =মাতবাখ!S2+মাদরাসা!U1 -> 970140 | G2: =SUMIFS(C$11:C$1048576,D$11:D$1048576,E2) -> 810000 | H2: =F2-G2 -> 160140
E3: আল মদিনা | F3: =মাতবাখ!T2+মাদরাসা!U2 -> 0 | G3: =SUMIFS(C$11:C$1048576,D$11:D$1048576,E3) -> 16080 | H3: =F3-G3 -> -16080
E4: মামুন | F4: =মাতবাখ!U2+মাদরাসা!U2 -> 0 | G4: =SUMIFS(C$11:C$1048576,D$11:D$1048576,E4) -> 0 | H4: =F4-G4 -> 0
E5: গ্যাস | F5: =SUMIFS(মাতবাখ!H:H,মাতবাখ!I:I,E5) -> 163300 | G5: =SUMIFS(C$11:C$1048576,D$11:D$1048576,E5) -> 100000 | H5: =F5-G5 -> 63300
E6: ডিম | F6: =SUMIFS(মাতবাখ!H:H,মাতবাখ!I:I,E6) -> 52000 | G6: =SUMIFS(C$11:C$1048576,D$11:D$1048576,E6) -> 26000 | H6: =F6-G6 -> 26000
E7: বেলাল | F7: =SUMIFS(মাতবাখ!H:H,মাতবাখ!I:I,E7)+মাদরাসা!U4 -> 0 | G7: =SUMIFS(C$11:C$1048576,D$11:D$1048576,E7) -> 0 | H7: =F7-G7 -> 0
E8: লাকড়ি | F8: =SUMIFS(মাতবাখ!H:H,মাতবাখ!I:I,E8)+মাদরাসা!U5 -> 0 | G8: =SUMIFS(C$11:C$1048576,D$11:D$1048576,E8) -> 0 | H8: =F8-G8 -> 0
E9: জমিনের সবজী | F9: =SUMIFS(মাতবাখ!H:H,মাতবাখ!I:I,E9) -> 45560 | G9: =SUMIFS(C$11:C$1048576,D$11:D$1048576,E9) -> 45000 | H9: =F9-G9 -> 560
B10: তারিখ | C10: পরিমাণ | D10: স্থান | E10: রশিদ
A11: 1 | B11: 9/10/1446 | C11: 100000 | D11: সাগর
A12: 2 | B12: 9/10/1446 | C12: 300000 | D12: সাগর
A13: 3 | B13: 46124 | C13: 150000 | D13: সাগর
A14: 4 | B14: 46125 | C14: 45000 | D14: জমিনের সবজী
A15: 5 | B15: 46126 | C15: 26000 | D15: ডিম
A16: 6 | B16: 46127 | C16: 110000 | D16: সাগর
A17: 7 | B17: 07/11/1446 | C17: 9720 | D17: আল মদিনা
A18: 8 | B18: 10/11/1446 | C18: 100000 | D18: গ্যাস
A19: 9 | B19: 18/11/1446 | C19: 50000 | D19: সাগর
A20: 10 | B20: 03/12/1446 | C20: 100000 | D20: সাগর
A21: 11 | B21: 07/12/1446 | C21: 6360 | D21: আল মদিনা
A22: 168
A23: 169
A24: 170
A25: 171
A26: 172
A27: 173
A28: 174
A29: 175
A30: 176
A31: 177
A32: 178
A33: 179
... A60: 206

Sheet ড্যাশবোর্ড
B2: মাতবাখ , মাদরাসা | I2: তামিরাত | Q2: মোট
B5: মোট অর্থ গ্রহণ | E5: =SUM('অর্থ গ্রহণ'!I3:$J$3) -> 3095000 | I5: মোট অর্থ গ্রহণ | L5: =SUM('[2]অর্থ গ্রহন'!$F$4:$G$4) -> 400000 | Q5: অর্থ গ্রহণ | S5: =SUM(E5+L5) -> 3495000
B7: মাতবাখ বাবদ মোট খরচ | E7: =SUM('অর্থ গ্রহণ'!$J$5) -> 1919865 | I7: মোট ব্যয় | L7: =SUM('[2]অর্থ গ্রহন'!$F$6:$G$6) -> 505173 | Q7: মোট ব্যয় | S7: =SUM(E10+L7) -> 3605817
B8: মাদরাসা বাবদ মোট খরচ | E8: =SUM('অর্থ গ্রহণ'!$J$6) -> 1180779 | I8: মোট বকেয়া/বিদ্যমান | L8: =SUM('[2]অর্থ গ্রহন'!$I$6:$J$6) -> -105173
Q9: মোট বিদ্যমান | S9: =SUM(E22+L8) -> 123103
B10: সর্বমোট খরচ | E10: =SUM('অর্থ গ্রহণ'!$J$8) -> 3100644 | I10: নগদ খরচ | L10: =SUM('[2]অর্থ গ্রহন'!$S$2:$T$2) -> 136375
B12: বিদ্যমান | E12: =SUM('অর্থ গ্রহণ'!K4:L5) -> -5644 | I12: বকেয়া আদায় | L12: =SUM('[2]অর্থ গ্রহন'!$S$4:$T$4) -> 100000
B14: মাতবাখ, মাদরাসা মোট বকেয়া | E14: =SUM('বাকির হিসাব'!$C$1) -> 233920 | I14: মোট আদায়কৃত অর্থ | L14: =SUM(L10,L12) -> 236375
I16: বকেয়া বিদ্যমান | L16: =SUM([2]বকেয়া!$K$1) -> 268798
B17: হুজুরের ব্যক্তিগত খরচ | E17: =SUM(মাদরাসা!$R$5) -> 0
B18: খেদমতে খালক | E18: =SUM(মাদরাসা!$R$2) -> 0 | I18: জমা থেকে বিদ্যমান | L18: =L5-L14 -> 163625
B19: বাসার করয | E19: =SUM(#REF!) -> #REF!
B20: মোট | E20: =SUM(E17:$F$19) -> #REF!
B22: দফতরে বিদ্যমান | E22: =SUM('অর্থ গ্রহণ'!X4:X5) -> 228276
